return_id,order_id,return_date,return_reason,refund_amount,refund_status
RET_00001,ORD_007128,2025-12-31 02:02:06,Defective,527.66,Processed
RET_00002,ORD_006998,2025-11-15 06:10:30,Quality Issue,857.56,Processed
RET_00003,ORD_006372,2026-01-06 04:00:55,Wrong Item,1266.74,Processed
RET_00004,ORD_006397,2025-12-31 14:24:28,Size Issue,264.75,Processed
RET_00005,ORD_005508,2025-12-22 08:33:07,Quality Issue,284.41,Processed
RET_00006,ORD_006039,2025-10-31 06:23:08,Size Issue,230.31,Processed
RET_00007,ORD_002312,2025-10-17 20:45:20,Defective,182.64,Processed
RET_00008,ORD_005175,2025-12-05 03:14:49,Size Issue,469.83,Pending
RET_00009,ORD_001578,2026-01-01 07:26:00,Quality Issue,383.91,Processed
RET_00010,ORD_002632,2025-10-17 00:07:06,Defective,1220.63,Processed
RET_00011,ORD_006124,2025-11-09 13:31:13,Wrong Item,761.23,Processed
RET_00012,ORD_001342,2025-12-27 05:14:09,Wrong Item,558.55,Processed
RET_00013,ORD_000272,2025-12-03 21:06:38,Changed Mind,240.78,Processed
RET_00014,ORD_000763,2025-10-22 10:04:35,Defective,802.49,Pending
RET_00015,ORD_001422,2025-11-03 07:05:06,Defective,237.89,Processed
RET_00016,ORD_004909,2025-10-21 03:24:24,Quality Issue,99.51,Processed
RET_00017,ORD_007104,2025-10-16 17:47:48,Size Issue,441.13,Processed
RET_00018,ORD_001150,2026-01-04 00:12:27,Quality Issue,176.68,Processed
RET_00019,ORD_006524,2025-12-20 13:39:30,Defective,411.78,Pending
RET_00020,ORD_004942,2025-10-22 00:45:20,Size Issue,338.53,Processed
RET_00021,ORD_004763,2025-10-13 13:41:54,Wrong Item,349.11,Processed
RET_00022,ORD_006323,2025-12-30 23:33:58,Defective,200.8,Processed
RET_00023,ORD_007676,2025-12-23 21:24:39,Size Issue,429.19,Pending
RET_00024,ORD_001805,2025-10-28 15:06:09,Changed Mind,339.67,Pending
RET_00025,ORD_006257,2025-10-14 12:42:21,Wrong Item,738.67,Processed
RET_00026,ORD_002334,2025-12-16 06:41:01,Quality Issue,339.75,Processed
RET_00027,ORD_002215,2025-12-13 23:27:03,Changed Mind,326.75,Processed
RET_00028,ORD_007069,2026-01-04 10:14:24,Defective,360.45,Pending
RET_00029,ORD_007545,2025-12-06 20:09:28,Defective,121.52,Processed
RET_00030,ORD_001279,2025-11-22 20:33:16,Wrong Item,325.2,Processed
RET_00031,ORD_001423,2025-12-07 05:42:48,Quality Issue,627.09,Processed
RET_00032,ORD_007450,2026-01-07 19:00:08,Defective,422.13,Processed
RET_00033,ORD_007642,2026-01-06 17:18:18,Size Issue,236.54,Processed
RET_00034,ORD_000630,2025-11-21 06:55:54,Defective,598.12,Processed
RET_00035,ORD_001448,2025-11-18 23:50:11,Defective,273.77,Rejected
RET_00036,ORD_001333,2025-12-20 15:19:22,Wrong Item,480.06,Processed
RET_00037,ORD_002973,2026-01-06 01:27:30,Quality Issue,146.89,Processed
RET_00038,ORD_006936,2026-01-06 11:08:44,Size Issue,698.88,Processed
RET_00039,ORD_003972,2025-12-12 07:05:57,Changed Mind,324.55,Processed
RET_00040,ORD_003873,2025-10-30 20:00:51,Size Issue,88.87,Processed
RET_00041,ORD_005722,2025-11-19 03:00:21,Wrong Item,165.15,Processed
RET_00042,ORD_002551,2025-10-21 05:09:44,Changed Mind,749.39,Processed
RET_00043,ORD_000827,2025-10-17 19:10:53,Defective,497.99,Processed
RET_00044,ORD_004009,2025-12-02 15:01:44,Changed Mind,299.26,Rejected
RET_00045,ORD_004201,2025-11-21 08:49:16,Changed Mind,1372.82,Processed
RET_00046,ORD_005124,2025-11-10 21:05:17,Changed Mind,509.33,Processed
RET_00047,ORD_004049,2026-01-06 04:08:11,Defective,552.55,Pending
RET_00048,ORD_004556,2025-11-01 16:34:59,Defective,134.09,Processed
RET_00049,ORD_004882,2025-12-02 22:34:25,Quality Issue,715.73,Processed
RET_00050,ORD_005246,2025-11-23 05:02:45,Defective,270.53,Processed
RET_00051,ORD_003826,2025-10-28 08:37:52,Defective,692.39,Processed
RET_00052,ORD_005343,2025-10-23 06:30:15,Quality Issue,386.01,Processed
RET_00053,ORD_003750,2025-10-19 21:54:12,Size Issue,1309.03,Processed
RET_00054,ORD_003964,2025-10-27 00:36:07,Quality Issue,259.91,Processed
RET_00055,ORD_000377,2025-12-30 11:01:57,Changed Mind,484.13,Processed
RET_00056,ORD_000219,2025-11-03 01:32:21,Quality Issue,636.1,Pending
RET_00057,ORD_001062,2025-12-23 16:29:00,Size Issue,550.71,Processed
RET_00058,ORD_003268,2025-12-04 10:09:03,Wrong Item,67.69,Pending
RET_00059,ORD_003283,2025-12-01 09:16:21,Wrong Item,578.8,Processed
RET_00060,ORD_006139,2025-12-08 14:17:06,Changed Mind,288.58,Processed
RET_00061,ORD_005117,2025-12-19 04:30:23,Quality Issue,379.87,Processed
RET_00062,ORD_003316,2025-11-09 01:11:19,Changed Mind,597.06,Processed
RET_00063,ORD_003707,2025-11-09 10:24:39,Size Issue,131.58,Processed
RET_00064,ORD_001577,2025-12-04 10:32:15,Quality Issue,378.99,Processed
RET_00065,ORD_001095,2025-12-13 04:37:18,Size Issue,372.05,Processed
RET_00066,ORD_000160,2025-11-14 17:42:00,Wrong Item,368.02,Processed
RET_00067,ORD_003971,2025-10-23 22:58:45,Size Issue,421.22,Processed
RET_00068,ORD_002652,2025-11-25 06:32:18,Changed Mind,649.07,Processed
RET_00069,ORD_007515,2025-12-18 00:04:50,Defective,355.18,Pending
RET_00070,ORD_002404,2025-11-21 04:45:41,Defective,581.47,Pending
RET_00071,ORD_004223,2025-12-29 08:07:25,Quality Issue,223.4,Rejected
RET_00072,ORD_000812,2025-11-13 16:44:19,Changed Mind,436.66,Rejected
RET_00073,ORD_003941,2025-11-27 23:47:19,Wrong Item,403.62,Processed
RET_00074,ORD_000565,2025-12-19 08:35:26,Quality Issue,379.31,Processed
RET_00075,ORD_002782,2025-12-28 07:39:32,Defective,428.71,Processed
RET_00076,ORD_001652,2025-10-17 20:51:07,Wrong Item,411.3,Rejected
RET_00077,ORD_004243,2025-11-28 08:40:57,Changed Mind,612.94,Processed
RET_00078,ORD_002555,2026-01-10 06:05:07,Quality Issue,254.52,Processed
RET_00079,ORD_007969,2025-12-28 03:42:43,Quality Issue,263.49,Processed
RET_00080,ORD_006881,2025-12-14 22:14:58,Wrong Item,526.51,Processed
RET_00081,ORD_005420,2025-10-28 00:29:26,Defective,440.79,Pending
RET_00082,ORD_004122,2025-11-19 22:04:25,Quality Issue,90.38,Processed
RET_00083,ORD_004878,2025-11-17 07:34:19,Size Issue,386.02,Processed
RET_00084,ORD_003759,2025-12-16 06:56:13,,281.8,Processed
RET_00085,ORD_005566,2025-12-09 22:41:39,Size Issue,150.94,Pending
RET_00086,ORD_002390,2025-10-17 04:58:21,Quality Issue,907.94,Processed
RET_00087,ORD_000234,2025-12-29 05:02:12,Size Issue,272.3,Processed
RET_00088,ORD_004815,2025-12-05 00:30:24,Size Issue,529.54,Processed
RET_00089,ORD_006318,2025-12-24 08:22:36,Changed Mind,501.91,Pending
RET_00090,ORD_006200,2026-01-02 05:04:10,Wrong Item,398.9,Pending
RET_00091,ORD_007505,2025-11-25 10:13:15,Size Issue,241.68,Processed
RET_00092,ORD_003894,2025-12-16 03:35:46,Changed Mind,308.06,Processed
RET_00093,ORD_006085,2025-12-02 11:27:42,Changed Mind,623.62,Processed
RET_00094,ORD_005553,2025-10-28 10:52:00,Defective,346.18,Processed
RET_00095,ORD_005617,2025-12-20 13:38:53,Quality Issue,619.99,Rejected
RET_00096,ORD_002438,2025-11-09 09:14:31,Wrong Item,420.81,Pending
RET_00097,ORD_001727,2025-12-21 23:49:44,Wrong Item,680.16,Processed
RET_00098,ORD_002413,2025-11-20 02:13:16,Defective,242.94,Processed
RET_00099,ORD_004620,2025-12-28 00:11:27,Changed Mind,360.26,Processed
RET_00100,ORD_003756,2026-01-09 18:56:27,Wrong Item,384.18,Processed
RET_00101,ORD_004405,2026-01-06 11:01:24,Wrong Item,268.68,Processed
RET_00102,ORD_006245,2025-11-28 14:51:16,Quality Issue,192.98,Processed
RET_00103,ORD_003887,2025-11-05 21:59:13,Wrong Item,475.92,Processed
RET_00104,ORD_004467,2025-10-30 03:31:49,Wrong Item,281.12,Processed
RET_00105,ORD_007032,2026-01-10 09:41:20,Wrong Item,207.76,Rejected
RET_00106,ORD_004477,2025-11-17 05:04:22,Quality Issue,316.17,Processed
RET_00107,ORD_003298,2025-12-05 18:42:03,Defective,132.75,Pending
RET_00108,ORD_000843,2025-11-13 15:46:06,Quality Issue,353.77,Processed
RET_00109,ORD_002176,2026-01-04 13:31:12,Changed Mind,306.35,Pending
RET_00110,ORD_004860,2026-01-03 01:14:00,Quality Issue,274.69,Processed
RET_00111,ORD_001613,2025-11-24 23:30:22,Wrong Item,658.13,Processed
RET_00112,ORD_006251,2025-11-27 15:40:46,Quality Issue,213.22,Processed
RET_00113,ORD_007540,2025-12-28 17:19:09,Quality Issue,233.13,Processed
RET_00114,ORD_005475,2025-12-23 12:33:40,Changed Mind,615.38,Processed
RET_00115,ORD_001241,2025-12-21 16:22:53,Defective,576.19,Pending
RET_00116,ORD_000764,2025-11-21 12:35:01,Wrong Item,410.74,Processed
RET_00117,ORD_007886,2025-10-25 04:37:40,Wrong Item,271.5,Pending
RET_00118,ORD_005364,2025-11-12 12:58:36,Size Issue,305.7,Rejected
RET_00119,ORD_001013,2025-10-24 15:34:40,Size Issue,500.72,Processed
RET_00120,ORD_000183,2025-10-17 08:36:51,Quality Issue,226.61,Processed
RET_00121,ORD_002931,2025-12-15 10:02:46,Size Issue,733.22,Rejected
RET_00122,ORD_003083,2025-11-07 17:13:41,Wrong Item,861.24,Processed
RET_00123,ORD_002679,2025-11-05 19:06:15,Defective,197.93,Processed
RET_00124,ORD_003928,2025-11-03 20:25:00,Changed Mind,280.06,Processed
RET_00125,ORD_007549,2025-12-07 10:16:10,Changed Mind,332.03,Pending
RET_00126,ORD_005645,2025-10-31 00:49:47,Quality Issue,81.21,Processed
RET_00127,ORD_001397,2026-01-05 01:00:31,Size Issue,865.88,Processed
RET_00128,ORD_005350,2025-12-23 21:09:24,Wrong Item,81.07,Pending
RET_00129,ORD_001401,2025-11-06 12:05:53,Wrong Item,1035.66,Processed
RET_00130,ORD_006006,2026-01-03 08:27:42,Changed Mind,539.85,Processed
RET_00131,ORD_004964,2025-12-03 01:55:43,Size Issue,182.37,Pending
RET_00132,ORD_007899,2025-12-01 13:44:19,Wrong Item,302.54,Pending
RET_00133,ORD_002799,2026-01-04 20:05:13,Quality Issue,159.06,Processed
RET_00134,ORD_005815,2026-01-01 00:09:43,Wrong Item,94.21,Processed
RET_00135,ORD_002830,2025-12-13 08:27:15,Wrong Item,279.71,Pending
RET_00136,ORD_005786,2025-11-01 08:30:30,Changed Mind,628.29,Pending
RET_00137,ORD_005734,2025-12-06 05:16:31,Wrong Item,224.23,Pending
RET_00138,ORD_002544,2025-12-15 00:10:45,Quality Issue,341.16,Processed
RET_00139,ORD_000800,2025-12-21 20:39:57,Wrong Item,917.48,Processed
RET_00140,ORD_007576,2025-10-28 01:57:24,Defective,594.7,Processed
RET_00141,ORD_002437,2025-11-11 03:37:51,Wrong Item,313.11,Processed
RET_00142,ORD_007189,2025-12-23 18:49:22,Size Issue,679.66,Processed
RET_00143,ORD_001180,2025-11-01 05:23:41,Changed Mind,310.56,Processed
RET_00144,ORD_001325,2025-11-09 03:12:51,Defective,182.35,Pending
RET_00145,ORD_005967,2025-12-18 09:48:05,Defective,401.82,Rejected
RET_00146,ORD_000444,2025-11-02 02:56:38,Defective,463.44,Pending
RET_00147,ORD_000527,2025-12-28 05:24:54,Wrong Item,270.44,Pending
RET_00148,ORD_006146,2026-01-06 08:19:36,Quality Issue,10461.75,Processed
RET_00149,ORD_004985,2025-10-30 19:58:24,Wrong Item,267.64,Processed
RET_00150,ORD_002241,2025-12-05 07:06:22,Changed Mind,385.19,Rejected
RET_00151,ORD_001371,2025-11-06 19:06:14,Defective,301.49,Processed
RET_00152,ORD_006688,2025-10-21 20:13:54,Quality Issue,616.59,Processed
RET_00153,ORD_002820,2026-01-02 19:53:15,Wrong Item,545.64,Processed
RET_00154,ORD_000313,2025-10-23 07:18:49,Defective,352.4,Rejected
RET_00155,ORD_002643,2026-01-05 07:45:10,Changed Mind,590.99,Processed
RET_00156,ORD_006369,2025-12-20 02:14:53,Changed Mind,518.11,Processed
RET_00157,ORD_000544,2025-12-08 03:52:59,Wrong Item,666.14,Pending
RET_00158,ORD_003245,2025-12-15 12:46:29,Changed Mind,470.45,Pending
RET_00159,ORD_007021,2025-10-23 06:03:48,Quality Issue,434.0,Processed
RET_00160,ORD_005778,2025-11-06 06:48:38,Changed Mind,545.46,Processed
RET_00161,ORD_004906,2025-10-15 06:30:39,Quality Issue,402.48,Processed
RET_00162,ORD_001903,2025-11-05 15:46:20,Quality Issue,383.9,Processed
RET_00163,ORD_005302,2025-11-29 22:47:30,Wrong Item,614.81,Processed
RET_00164,ORD_004832,2025-10-16 07:17:00,Defective,435.06,Rejected
RET_00165,ORD_002094,2025-11-23 23:09:11,Size Issue,363.34,Processed
RET_00166,ORD_001886,2025-11-03 16:56:16,Size Issue,707.76,Pending
RET_00167,ORD_004784,2025-11-24 16:22:30,Size Issue,413.57,Pending
RET_00168,ORD_001216,2025-11-07 11:57:25,Changed Mind,339.52,Processed
RET_00169,ORD_002387,2026-01-05 15:06:54,Quality Issue,605.77,Processed
RET_00170,ORD_001159,2025-11-07 12:00:48,Wrong Item,622.96,Pending
RET_00171,ORD_000851,2025-12-01 10:05:00,Defective,497.79,Rejected
RET_00172,ORD_006025,2025-11-01 06:51:58,Quality Issue,169.8,Processed
RET_00173,ORD_001811,2025-10-28 02:28:33,Quality Issue,368.17,Pending
RET_00174,ORD_007752,2025-11-01 00:57:31,Quality Issue,588.51,Processed
RET_00175,ORD_002080,2025-11-08 03:34:55,Defective,1073.9,Processed
RET_00176,ORD_004413,2025-12-22 23:39:29,Defective,127.34,Processed
RET_00177,ORD_003167,2025-12-20 11:57:18,Wrong Item,1043.11,Pending
RET_00178,ORD_002197,2025-11-15 13:57:07,Defective,151.93,Pending
RET_00179,ORD_006919,2025-11-28 13:36:51,Quality Issue,527.92,Processed
RET_00180,ORD_000499,2025-10-22 07:39:27,Wrong Item,283.85,Processed
RET_00181,ORD_003810,2025-12-09 06:21:57,Defective,473.92,Processed
RET_00182,ORD_003728,2025-12-11 15:48:08,Defective,418.85,Processed
RET_00183,ORD_006627,2025-12-28 03:09:49,Quality Issue,518.01,Processed
RET_00184,ORD_004804,2025-12-19 00:18:57,Defective,981.91,Processed
RET_00185,ORD_006972,2025-11-15 16:08:47,Quality Issue,913.44,Processed
RET_00186,ORD_006630,2025-10-18 15:57:34,Size Issue,355.26,Processed
RET_00187,ORD_006820,2025-10-24 08:01:54,Defective,951.19,Processed
RET_00188,ORD_007897,2025-12-25 10:38:48,Quality Issue,269.4,Pending
RET_00189,ORD_005504,2025-10-29 21:01:11,Defective,740.13,Processed
RET_00190,ORD_005326,2025-12-10 04:21:09,Changed Mind,235.42,Processed
RET_00191,ORD_005497,2025-10-23 10:20:13,Size Issue,616.6,Processed
RET_00192,ORD_007831,2025-11-05 23:54:49,Quality Issue,430.75,Pending
RET_00193,ORD_001963,2025-12-08 17:16:46,Defective,293.53,Processed
RET_00194,ORD_001044,2025-11-18 18:46:24,,312.64,Processed
RET_00195,ORD_002297,2025-11-12 08:38:35,,517.67,Processed
RET_00196,ORD_007862,2026-01-12 11:35:45,Quality Issue,406.97,Processed
RET_00197,ORD_001611,2025-12-07 06:58:08,Wrong Item,696.9,Processed
RET_00198,ORD_002332,2025-10-16 14:36:06,Defective,267.04,Processed
RET_00199,ORD_007280,2025-11-29 07:02:58,Size Issue,509.72,Processed
RET_00200,ORD_001774,2025-12-10 21:58:44,Wrong Item,272.76,Processed
RET_00201,ORD_005047,2025-10-20 22:18:59,Changed Mind,688.52,Processed
RET_00202,ORD_005570,2025-10-16 15:29:12,Size Issue,438.91,Processed
RET_00203,ORD_003027,2025-10-14 04:10:33,Size Issue,345.3,Processed
RET_00204,ORD_003099,2025-10-22 04:16:17,Changed Mind,464.8,Processed
RET_00205,ORD_004046,2026-01-05 12:10:16,Size Issue,348.87,Processed
RET_00206,ORD_004188,2025-10-27 22:24:40,Quality Issue,707.17,Processed
RET_00207,ORD_002349,2025-12-31 03:20:07,Quality Issue,297.95,Processed
RET_00208,ORD_002580,2025-11-25 15:12:00,Size Issue,383.55,Processed
RET_00209,ORD_004656,2025-12-17 03:42:08,Changed Mind,297.21,Processed
RET_00210,ORD_002119,2025-10-13 16:53:17,Quality Issue,191.33,Processed
RET_00211,ORD_006487,2025-12-08 17:34:59,Size Issue,357.82,Processed
RET_00212,ORD_006196,2025-12-28 17:45:39,Wrong Item,260.27,Processed
RET_00213,ORD_007716,2025-12-03 22:48:05,Wrong Item,684.07,Processed
RET_00214,ORD_006917,2025-12-19 20:16:29,Size Issue,537.74,Processed
RET_00215,ORD_004005,2025-12-29 00:04:33,Defective,347.73,Processed
RET_00216,ORD_005616,2025-12-11 12:56:00,Changed Mind,763.06,Pending
RET_00217,ORD_004476,2025-12-13 13:41:35,Quality Issue,692.59,Processed
RET_00218,ORD_002520,2025-11-30 02:55:36,Wrong Item,646.71,Pending
RET_00219,ORD_000216,2025-11-21 02:53:33,,598.77,Pending
RET_00220,ORD_000203,2025-12-31 06:15:54,Defective,704.63,Processed
RET_00221,ORD_002536,2025-11-06 13:48:28,Defective,508.2,Processed
RET_00222,ORD_007529,2025-10-14 04:04:21,Quality Issue,435.21,Processed
RET_00223,ORD_002230,2025-12-30 01:41:23,Size Issue,447.97,Processed
RET_00224,ORD_002675,2025-12-01 21:43:23,Wrong Item,434.67,Processed
RET_00225,ORD_006731,2025-11-20 23:09:05,Wrong Item,446.33,Rejected
RET_00226,ORD_003467,2025-11-15 04:29:58,Size Issue,499.37,Processed
RET_00227,ORD_005513,2025-11-07 14:29:46,Changed Mind,182.62,Pending
RET_00228,ORD_000754,2025-12-29 14:34:35,Defective,318.58,Processed
RET_00229,ORD_006729,2025-10-15 02:04:42,Wrong Item,453.77,Processed
RET_00230,ORD_000945,2025-11-26 11:56:38,Size Issue,490.37,Processed
RET_00231,ORD_005347,2025-10-31 07:55:50,Changed Mind,387.23,Processed
RET_00232,ORD_007202,2025-12-10 12:50:08,Wrong Item,755.01,Processed
RET_00233,ORD_003776,2025-11-04 13:42:26,Size Issue,425.0,Processed
RET_00234,ORD_007801,2026-01-06 17:13:47,Quality Issue,212.04,Pending
RET_00235,ORD_004059,2025-11-19 20:30:27,Quality Issue,331.67,Processed
RET_00236,ORD_005660,2025-10-28 21:54:02,Defective,210.23,Processed
RET_00237,ORD_000357,2026-01-01 07:22:47,Size Issue,182.22,Pending
RET_00238,ORD_007126,2025-11-26 17:59:10,Wrong Item,496.94,Processed
RET_00239,ORD_006457,2025-10-23 17:08:52,Defective,484.74,Processed
RET_00240,ORD_007107,2025-11-05 23:21:22,Quality Issue,728.0,Processed
RET_00241,ORD_001006,2025-12-24 21:46:31,Changed Mind,1514.87,Processed
RET_00242,ORD_005677,2025-12-24 17:08:36,Changed Mind,578.66,Processed
RET_00243,ORD_003989,2025-12-04 06:40:59,Changed Mind,-202.63,Processed
RET_00244,ORD_007632,2026-01-02 08:58:38,Wrong Item,463.79,Processed
RET_00245,ORD_006289,2025-12-24 22:54:47,Wrong Item,197.75,Rejected
RET_00246,ORD_007291,2025-11-08 02:33:41,Quality Issue,886.96,Rejected
RET_00247,ORD_006804,2025-12-08 15:10:36,Defective,326.08,Processed
RET_00248,ORD_004740,2025-10-24 22:24:48,Defective,756.95,Processed
RET_00249,ORD_000811,2025-11-13 10:38:04,Quality Issue,328.53,Processed
RET_00250,ORD_001292,2025-12-01 23:17:51,Size Issue,205.69,Processed
RET_00251,ORD_003701,2025-10-19 04:03:26,Quality Issue,469.02,Pending
RET_00252,ORD_007318,2025-11-14 17:58:54,Size Issue,316.01,Processed
RET_00253,ORD_003953,2025-12-26 19:07:46,Wrong Item,278.37,Processed
RET_00254,ORD_007162,2025-11-19 01:05:46,Size Issue,945.06,Processed
RET_00255,ORD_001702,2025-10-30 00:19:35,Quality Issue,361.13,Processed
RET_00256,ORD_002878,2026-01-01 07:56:08,Quality Issue,531.93,Processed
RET_00257,ORD_005758,2025-11-15 14:14:23,Size Issue,395.35,Processed
RET_00258,ORD_001157,2025-12-06 17:20:08,Quality Issue,115.5,Rejected
RET_00259,ORD_006940,2025-11-27 07:21:25,Changed Mind,446.65,Processed
RET_00260,ORD_001876,2025-12-01 09:18:56,Defective,534.47,Processed
RET_00261,ORD_007880,2026-01-09 23:35:44,Quality Issue,415.92,Pending
RET_00262,ORD_005864,2025-12-28 03:24:48,Changed Mind,202.04,Pending
RET_00263,ORD_006516,2025-12-27 20:29:47,Quality Issue,435.42,Pending
RET_00264,ORD_004498,2025-11-29 08:28:03,Size Issue,1000.77,Pending
RET_00265,ORD_004115,2025-11-29 05:26:50,Wrong Item,440.36,Pending
RET_00266,ORD_003017,2025-12-25 07:46:40,Wrong Item,299.77,Processed
RET_00267,ORD_006464,2025-12-30 19:19:07,Wrong Item,560.0,Processed
RET_00268,ORD_006116,2025-11-21 04:32:18,Quality Issue,384.78,Processed
RET_00269,ORD_004183,2025-12-23 06:23:48,Quality Issue,351.75,Processed
RET_00270,ORD_007347,2025-11-25 16:27:45,Quality Issue,915.49,Pending
RET_00271,ORD_002702,2025-11-12 22:56:00,Defective,1024.3,Pending
RET_00272,ORD_001823,2025-11-02 14:25:12,Changed Mind,459.53,Processed
RET_00273,ORD_001329,2026-01-04 05:25:32,Wrong Item,400.62,Pending
RET_00274,ORD_002033,2025-12-20 14:52:35,Defective,458.77,Processed
RET_00275,ORD_005920,2025-11-30 08:20:57,Wrong Item,202.65,Processed
RET_00276,ORD_004691,2025-11-09 20:17:49,Size Issue,498.26,Processed
RET_00277,ORD_003013,2025-11-10 18:03:32,Size Issue,406.93,Pending
RET_00278,ORD_003187,2026-01-01 05:25:29,Wrong Item,143.89,Processed
RET_00279,ORD_002495,2025-10-13 09:00:33,Quality Issue,585.39,Rejected
RET_00280,ORD_006884,2025-12-29 13:16:15,Wrong Item,413.04,Pending
RET_00281,ORD_004814,2025-11-24 07:38:54,Wrong Item,570.64,Processed
RET_00282,ORD_002036,2025-12-21 02:02:06,Quality Issue,421.38,Processed
RET_00283,ORD_004472,2025-11-04 01:19:46,Size Issue,594.78,Processed
RET_00284,ORD_000789,2025-11-06 06:43:33,Size Issue,226.51,Processed
RET_00285,ORD_005092,2025-10-22 00:01:58,Size Issue,406.95,Pending
RET_00286,ORD_007783,2025-12-28 15:19:46,,560.39,Processed
RET_00287,ORD_007419,2025-11-01 20:57:19,Changed Mind,453.81,Processed
RET_00288,ORD_005502,2025-10-21 02:51:17,Defective,913.62,Processed
RET_00289,ORD_001506,2025-12-10 02:50:19,Size Issue,221.73,Processed
RET_00290,ORD_000723,2025-10-17 18:28:35,Wrong Item,1321.13,Processed
RET_00291,ORD_005357,2025-10-21 17:56:07,Quality Issue,586.93,Processed
RET_00292,ORD_003794,2025-10-14 20:33:17,Wrong Item,605.73,Processed
RET_00293,ORD_006637,2025-12-19 04:55:44,Wrong Item,256.99,Processed
RET_00294,ORD_006467,2025-10-17 19:34:03,Wrong Item,544.19,Processed
RET_00295,ORD_006667,2025-10-23 03:02:25,Size Issue,188.52,Processed
RET_00296,ORD_002172,2025-12-15 05:14:44,Size Issue,362.83,Processed
RET_00297,ORD_004343,2025-12-03 10:44:10,Wrong Item,691.84,Processed
RET_00298,ORD_007835,2025-11-07 09:34:24,Wrong Item,552.99,Processed
RET_00299,ORD_004225,2025-12-16 08:24:12,Size Issue,234.72,Processed
RET_00300,ORD_001239,2025-12-30 15:23:25,Defective,376.47,Processed
RET_00301,ORD_003720,2025-12-17 16:49:16,Defective,886.2,Pending
RET_00302,ORD_000149,2026-01-03 07:01:32,Wrong Item,333.24,Processed
RET_00303,ORD_004165,2025-10-21 13:23:28,Quality Issue,462.46,Processed
RET_00304,ORD_003698,2025-12-24 04:20:07,Defective,834.92,Processed
RET_00305,ORD_000707,2025-10-16 14:40:48,Defective,323.78,Pending
RET_00306,ORD_001121,2025-11-08 16:56:36,Wrong Item,546.92,Processed
RET_00307,ORD_006379,2026-01-05 03:42:03,Changed Mind,523.76,Processed
RET_00308,ORD_004970,2026-01-04 11:25:45,Defective,327.53,Pending
RET_00309,ORD_002013,2025-11-21 05:19:34,Changed Mind,345.5,Processed
RET_00310,ORD_007838,2026-01-08 05:45:50,Defective,611.66,Processed
RET_00311,ORD_003925,2025-11-25 21:07:07,Quality Issue,601.8,Processed
RET_00312,ORD_002009,2025-11-12 09:28:30,Wrong Item,489.46,Rejected
RET_00313,ORD_006019,2025-11-03 11:08:05,Size Issue,200.68,Processed
RET_00314,ORD_007271,2025-12-05 13:07:16,Size Issue,564.63,Processed
RET_00315,ORD_005835,2025-12-01 06:25:55,Quality Issue,331.84,Processed
RET_00316,ORD_000215,2025-12-10 03:42:42,Wrong Item,787.99,Processed
RET_00317,ORD_003409,2025-10-30 03:28:57,Quality Issue,573.76,Processed
RET_00318,ORD_007804,2025-11-05 12:57:19,Size Issue,627.96,Processed
RET_00319,ORD_006953,2025-11-13 06:53:17,Wrong Item,176.89,Processed
RET_00320,ORD_006342,2025-12-13 06:58:18,Quality Issue,298.02,Rejected
RET_00321,ORD_004835,2025-12-10 02:45:05,Defective,882.73,Processed
RET_00322,ORD_003722,2025-11-23 05:47:09,Wrong Item,427.78,Processed
RET_00323,ORD_000652,2025-11-23 00:42:33,Defective,194.26,Processed
RET_00324,ORD_007119,2025-10-20 16:00:48,Wrong Item,564.62,Processed
RET_00325,ORD_000063,2025-12-01 14:05:11,Wrong Item,645.57,Pending
RET_00326,ORD_000498,2025-11-18 14:04:17,Changed Mind,834.21,Rejected
RET_00327,ORD_003278,2025-12-20 00:13:46,Size Issue,415.17,Processed
RET_00328,ORD_001212,2025-11-30 16:37:55,Wrong Item,380.45,Processed
RET_00329,ORD_004471,2025-12-28 02:57:19,Quality Issue,365.34,Pending
RET_00330,ORD_006669,2025-10-13 08:46:30,Quality Issue,184.79,Pending
RET_00331,ORD_002732,2025-12-16 11:10:05,Quality Issue,479.89,Processed
RET_00332,ORD_001223,2025-12-14 21:45:48,Wrong Item,852.6,Processed
RET_00333,ORD_005234,2025-12-22 16:56:59,Quality Issue,424.58,Rejected
RET_00334,ORD_001628,2025-12-16 08:19:54,Wrong Item,856.4,Rejected
RET_00335,ORD_006513,2025-12-06 04:35:34,Defective,737.17,Processed
RET_00336,ORD_007569,2025-12-03 06:43:14,Defective,363.83,Rejected
RET_00337,ORD_001656,2026-01-02 13:20:26,Defective,219.16,Rejected
RET_00338,ORD_005997,2025-11-23 18:17:14,Wrong Item,316.11,Processed
RET_00339,ORD_002259,2025-12-06 20:11:05,Quality Issue,229.65,Processed
RET_00340,ORD_006515,2026-01-05 02:46:45,Size Issue,684.57,Processed
RET_00341,ORD_005970,2025-10-25 09:37:23,Defective,315.76,Processed
RET_00342,ORD_001094,2025-11-14 15:22:29,Defective,454.02,Processed
RET_00343,ORD_007103,2025-11-26 19:25:52,Size Issue,234.46,Processed
RET_00344,ORD_004876,2025-10-23 22:13:32,Wrong Item,415.86,Rejected
RET_00345,ORD_001256,2025-11-16 20:34:22,Size Issue,286.9,Processed
RET_00346,ORD_001718,2025-12-01 05:12:18,Size Issue,462.22,Processed
RET_00347,ORD_007267,2025-10-27 08:37:46,Size Issue,648.27,Processed
RET_00348,ORD_000189,2026-01-09 17:20:36,Wrong Item,526.71,Processed
RET_00349,ORD_006117,2025-12-10 07:52:02,Size Issue,204.73,Processed
RET_00350,ORD_007708,2025-11-18 18:43:36,Defective,610.13,Processed
RET_00351,ORD_006447,2025-12-31 14:13:51,Changed Mind,204.01,Processed
RET_00352,ORD_006436,2025-10-30 15:30:58,Changed Mind,201.54,Processed
RET_00353,ORD_000106,2025-12-20 20:43:02,,752.33,Processed
RET_00354,ORD_002488,2025-11-19 12:48:52,Quality Issue,196.57,Processed
RET_00355,ORD_006937,2025-12-15 22:35:36,Quality Issue,410.4,Processed
RET_00356,ORD_004673,2025-11-10 03:15:29,Defective,634.96,Processed
RET_00357,ORD_003109,2025-11-01 10:15:31,Defective,361.86,Rejected
RET_00358,ORD_004367,2025-11-24 20:00:30,Quality Issue,403.2,Rejected
RET_00359,ORD_002961,2025-11-20 19:56:07,Size Issue,779.03,Pending
RET_00360,ORD_004718,2025-11-08 23:20:40,Defective,692.43,Processed
RET_00361,ORD_005683,2025-10-27 01:53:57,Quality Issue,360.96,Processed
RET_00362,ORD_007388,2025-11-19 14:48:29,Wrong Item,243.97,Pending
RET_00363,ORD_000785,2025-12-02 03:01:59,Wrong Item,258.83,Processed
RET_00364,ORD_000899,2025-11-02 04:47:14,Size Issue,669.75,Pending
RET_00365,ORD_000861,2025-12-12 06:24:17,Wrong Item,839.65,Rejected
RET_00366,ORD_004967,2025-11-17 21:42:30,Wrong Item,932.81,Pending
RET_00367,ORD_000470,2025-10-31 09:59:37,Size Issue,214.79,Processed
RET_00368,ORD_004192,2025-10-12 03:36:36,Quality Issue,218.71,Processed
RET_00369,ORD_002417,2025-10-10 07:09:28,Size Issue,384.72,Rejected
RET_00370,ORD_005964,2025-11-19 14:18:05,Defective,190.31,Processed
RET_00371,ORD_002977,2025-12-08 19:32:05,Defective,563.18,Pending
RET_00372,ORD_002184,2026-01-09 07:53:08,Changed Mind,918.81,Processed
RET_00373,ORD_003679,2025-12-21 06:38:48,Quality Issue,804.11,Processed
RET_00374,ORD_003501,2026-01-04 01:36:21,Size Issue,318.96,Processed
RET_00375,ORD_003882,2025-10-18 00:48:11,Wrong Item,621.0,Processed
RET_00376,ORD_007141,2025-11-16 04:28:57,Size Issue,288.26,Rejected
RET_00377,ORD_006786,2025-12-01 02:55:25,Defective,449.67,Processed
RET_00378,ORD_004990,2026-01-04 13:05:37,,232.01,Pending
RET_00379,ORD_007562,2025-11-20 09:29:05,Size Issue,215.5,Processed
RET_00380,ORD_006065,2025-12-01 17:38:05,Wrong Item,251.87,Processed
RET_00381,ORD_006264,2025-12-22 21:32:48,Defective,506.09,Pending
RET_00382,ORD_005738,2025-12-28 07:57:30,Wrong Item,412.49,Processed
RET_00383,ORD_003366,2025-12-23 17:43:17,Size Issue,523.18,Processed
RET_00384,ORD_003662,2025-10-11 17:02:10,Wrong Item,532.31,Processed
RET_00385,ORD_004531,2025-11-26 13:21:02,Size Issue,1243.19,Processed
RET_00386,ORD_006816,2025-12-20 02:24:20,Quality Issue,252.25,Processed
RET_00387,ORD_006665,2025-12-19 20:17:34,Wrong Item,227.0,Rejected
RET_00388,ORD_003605,2025-12-31 17:13:16,Defective,540.34,Rejected
RET_00389,ORD_001950,2025-10-11 14:21:52,,480.99,Rejected
RET_00390,ORD_002067,2025-10-24 08:50:07,Size Issue,445.44,Processed
RET_00391,ORD_002606,2025-10-17 23:07:54,Defective,365.95,Processed
RET_00392,ORD_002025,2025-12-13 00:39:07,Changed Mind,529.41,Rejected
RET_00393,ORD_000758,2025-11-24 18:35:37,Defective,244.95,Pending
RET_00394,ORD_005942,2025-10-16 17:00:49,Wrong Item,239.52,Processed
RET_00395,ORD_005410,2026-01-04 20:15:40,Quality Issue,452.15,Processed
RET_00396,ORD_000736,2026-01-04 16:53:23,Size Issue,429.82,Pending
RET_00397,ORD_006537,2025-12-01 12:41:42,Changed Mind,337.45,Pending
RET_00398,ORD_002607,2026-01-05 15:26:36,Changed Mind,353.52,Processed
RET_00399,ORD_003846,2025-11-07 19:30:56,Changed Mind,160.64,Processed
RET_00400,ORD_000193,2026-01-03 12:59:18,Changed Mind,164.92,Processed
RET_00401,ORD_000504,2025-12-20 07:23:06,Changed Mind,295.85,Processed
RET_00402,ORD_001199,2025-12-22 02:41:42,Quality Issue,360.8,Rejected
RET_00403,ORD_001681,2026-01-08 08:32:38,Changed Mind,435.03,Pending
RET_00404,ORD_001603,2025-11-10 02:30:34,Changed Mind,472.33,Processed
RET_00405,ORD_007743,2025-11-14 20:27:09,Quality Issue,273.71,Pending
RET_00406,ORD_001672,2025-11-17 18:09:21,Defective,376.1,Processed
RET_00407,ORD_003809,2025-12-04 10:52:02,Wrong Item,443.44,Processed
RET_00408,ORD_001060,2025-12-16 14:37:12,Size Issue,315.85,Processed
RET_00409,ORD_000543,2025-10-14 21:03:34,Quality Issue,546.72,Processed
RET_00410,ORD_003005,2026-01-06 13:32:02,Size Issue,525.72,Processed
RET_00411,ORD_000997,2025-12-08 04:37:41,Wrong Item,266.56,Processed
RET_00412,ORD_007079,2025-10-14 04:18:42,Changed Mind,491.21,Processed
RET_00413,ORD_003983,2025-12-18 14:08:28,Quality Issue,451.66,Processed
RET_00414,ORD_006415,2025-12-04 05:04:14,Changed Mind,208.93,Processed
RET_00415,ORD_004631,2025-12-12 05:38:38,Quality Issue,640.11,Processed
RET_00416,ORD_003231,2025-10-15 15:35:52,Wrong Item,1087.19,Pending
RET_00417,ORD_006872,2025-12-23 20:50:11,Changed Mind,394.35,Pending
RET_00418,ORD_004109,2025-12-12 09:05:44,Quality Issue,1087.83,Pending
RET_00419,ORD_005358,2025-10-30 10:30:09,Defective,396.66,Processed
RET_00420,ORD_004064,2025-12-04 04:00:12,Wrong Item,433.07,Pending
RET_00421,ORD_000699,2025-11-18 12:45:39,Defective,364.62,Pending
RET_00422,ORD_000578,2026-01-08 06:39:31,Wrong Item,444.23,Processed
RET_00423,ORD_000841,2025-12-02 14:41:43,Size Issue,332.84,Pending
RET_00424,ORD_007461,2026-01-07 03:53:25,Defective,433.43,Pending
RET_00425,ORD_006413,2025-10-29 05:07:43,Quality Issue,573.67,Processed
RET_00426,ORD_003300,2026-01-02 11:02:36,Quality Issue,303.57,Processed
RET_00427,ORD_005211,2025-10-18 19:13:17,Size Issue,986.35,Processed
RET_00428,ORD_001521,2026-01-04 21:47:51,Changed Mind,401.56,Processed
RET_00429,ORD_002805,2025-11-30 04:42:46,,1045.48,Processed
RET_00430,ORD_000279,2025-11-19 00:53:54,Defective,457.37,Processed
RET_00431,ORD_001411,2025-12-06 19:32:45,Quality Issue,381.94,Rejected
RET_00432,ORD_002086,2025-11-16 20:33:18,Wrong Item,888.52,Rejected
RET_00433,ORD_003452,2026-01-04 03:36:31,Changed Mind,268.08,Processed
RET_00434,ORD_003871,2025-12-16 13:32:10,Size Issue,320.12,Processed
RET_00435,ORD_001168,2025-11-29 12:40:11,Defective,424.06,Processed
RET_00436,ORD_006547,2025-11-30 12:30:21,Changed Mind,199.94,Processed
RET_00437,ORD_000712,2026-01-04 03:25:32,Wrong Item,399.71,Pending
RET_00438,ORD_007015,2025-12-07 11:57:43,Wrong Item,502.03,Rejected
RET_00439,ORD_004873,2025-10-28 07:15:02,Defective,417.87,Processed
RET_00440,ORD_006498,2025-10-30 14:41:55,Size Issue,531.85,Processed
RET_00441,ORD_007909,2025-11-24 17:17:28,Size Issue,489.4,Processed
RET_00442,ORD_001202,2025-11-04 10:32:11,Size Issue,759.54,Processed
RET_00443,ORD_001214,2025-10-23 17:48:31,Size Issue,323.84,Rejected
RET_00444,ORD_001824,2026-01-01 17:45:03,Quality Issue,638.91,Processed
RET_00445,ORD_000845,2025-11-14 18:27:47,Wrong Item,691.29,Pending
RET_00446,ORD_000655,2025-10-27 22:20:28,Changed Mind,661.69,Rejected
RET_00447,ORD_005771,2025-10-24 22:51:13,,215.09,Processed
RET_00448,ORD_005520,2025-12-25 03:19:06,Defective,645.64,Processed
RET_00449,ORD_001184,2025-11-30 21:06:31,Changed Mind,489.3,Processed
RET_00450,ORD_002329,2026-01-08 08:21:56,Defective,292.45,Pending
RET_00451,ORD_000447,2025-10-21 03:52:38,Quality Issue,197.12,Processed
RET_00452,ORD_004519,2025-12-23 18:44:10,Changed Mind,397.68,Processed
RET_00453,ORD_005202,2025-10-16 01:14:57,Quality Issue,410.05,Processed
RET_00454,ORD_000435,2025-11-18 23:35:35,Changed Mind,577.3,Processed
RET_00455,ORD_000500,2025-12-16 07:47:31,Size Issue,451.82,Processed
RET_00456,ORD_004545,2025-11-15 01:43:48,Size Issue,250.16,Processed
RET_00457,ORD_000092,2025-11-25 19:11:40,Wrong Item,655.89,Processed
RET_00458,ORD_003048,2025-10-24 03:26:31,Quality Issue,648.97,Processed
RET_00459,ORD_001780,2025-12-17 01:50:26,Quality Issue,175.97,Processed
RET_00460,ORD_006388,2025-10-25 07:55:55,Changed Mind,310.38,Processed
RET_00461,ORD_004300,2025-10-14 02:34:57,Changed Mind,697.69,Rejected
RET_00462,ORD_007054,2025-10-26 09:17:08,Quality Issue,574.31,Processed
RET_00463,ORD_001209,2025-11-26 06:10:28,Size Issue,732.85,Rejected
RET_00464,ORD_005963,2025-11-11 09:53:52,Defective,270.11,Pending
RET_00465,ORD_004727,2025-11-07 18:40:29,Size Issue,226.25,Pending
RET_00466,ORD_002678,2025-11-24 00:41:00,Wrong Item,594.3,Pending
RET_00467,ORD_000105,2025-12-06 11:02:49,Wrong Item,382.12,Processed
RET_00468,ORD_006175,2025-11-22 06:40:30,Size Issue,221.8,Pending
RET_00469,ORD_001130,2026-01-06 07:10:38,Defective,532.24,Pending
RET_00470,ORD_005866,2025-11-28 23:18:26,Quality Issue,592.73,Processed
RET_00471,ORD_003539,2025-11-26 02:30:09,Wrong Item,751.56,Rejected
RET_00472,ORD_007658,2025-12-09 14:10:25,,145.77,Processed
RET_00473,ORD_004609,2025-12-14 14:05:06,Changed Mind,195.79,Rejected
RET_00474,ORD_000619,2025-11-04 15:06:54,Wrong Item,650.71,Processed
RET_00475,ORD_006929,2025-11-07 08:07:47,Defective,322.31,Rejected
RET_00476,ORD_005296,2025-12-10 19:42:14,Wrong Item,376.37,Rejected
RET_00477,ORD_007526,2025-11-20 12:20:57,Quality Issue,374.58,Processed
RET_00478,ORD_004507,2025-11-12 11:59:39,Changed Mind,282.47,Processed
RET_00479,ORD_000725,2025-11-07 19:49:51,Defective,273.36,Rejected
RET_00480,ORD_007464,2025-11-05 23:48:54,Defective,277.59,Processed
RET_00481,ORD_007984,2025-12-28 14:18:41,Defective,744.56,Pending
RET_00482,ORD_007373,2025-10-10 13:55:37,Changed Mind,243.03,Processed
RET_00483,ORD_003044,2025-11-23 20:06:13,Size Issue,688.35,Pending
RET_00484,ORD_004929,2025-11-27 19:16:36,Quality Issue,459.82,Processed
RET_00485,ORD_001192,2025-11-27 22:22:20,Size Issue,325.62,Processed
RET_00486,ORD_004544,2025-10-14 19:24:34,Defective,491.77,Processed
RET_00487,ORD_003028,2025-10-15 10:41:28,Wrong Item,705.82,Processed
RET_00488,ORD_006148,2025-12-08 14:33:08,Size Issue,1348.94,Processed
RET_00489,ORD_006089,2025-11-17 01:14:27,Wrong Item,281.65,Pending
RET_00490,ORD_001539,2025-11-30 02:47:27,Changed Mind,408.31,Processed
RET_00491,ORD_002377,2025-12-03 14:43:49,Size Issue,509.93,Processed
RET_00492,ORD_006002,2025-12-23 19:16:43,Changed Mind,274.23,Rejected
RET_00493,ORD_006954,2025-11-11 17:18:21,Defective,558.88,Pending
RET_00494,ORD_006986,2025-11-01 22:31:44,Wrong Item,294.72,Processed
RET_00495,ORD_002330,2026-01-04 01:55:07,Wrong Item,491.33,Rejected
RET_00496,ORD_005016,2025-10-25 02:05:00,Size Issue,823.47,Rejected
RET_00497,ORD_004630,2025-10-25 00:36:42,Changed Mind,463.48,Pending
RET_00498,ORD_000638,2025-10-21 02:41:58,Size Issue,370.63,Pending
RET_00499,ORD_003194,2025-10-26 18:24:16,Defective,581.33,Pending
RET_00500,ORD_002761,2025-11-23 16:07:15,Defective,243.59,Processed
RET_00501,ORD_007603,2025-10-21 03:43:26,Quality Issue,387.44,Processed
RET_00502,ORD_002739,2025-11-25 03:04:49,Wrong Item,350.17,Processed
RET_00503,ORD_002817,2025-12-05 11:47:57,Size Issue,129.08,Pending
RET_00504,ORD_005732,2025-12-07 17:55:47,,519.28,Rejected
RET_00505,ORD_000368,2025-12-26 03:23:17,Defective,163.86,Pending
RET_00506,ORD_005294,2025-11-04 20:06:20,Defective,152.44,Pending
RET_00507,ORD_004403,2026-01-05 11:33:58,Changed Mind,530.34,Processed
RET_00508,ORD_005772,2025-12-27 21:34:25,Changed Mind,284.64,Processed
RET_00509,ORD_002914,2025-12-19 14:48:36,Size Issue,248.99,Rejected
RET_00510,ORD_002049,2025-12-30 21:34:34,Wrong Item,156.81,Pending
RET_00511,ORD_004613,2025-12-25 11:53:59,,667.84,Processed
RET_00512,ORD_001272,2025-11-15 11:01:03,Quality Issue,1123.66,Processed
RET_00513,ORD_004024,2025-11-16 17:11:34,Size Issue,741.09,Processed
RET_00514,ORD_002339,2025-10-22 04:58:25,Changed Mind,114.01,Processed
RET_00515,ORD_004712,2025-11-14 03:00:14,Quality Issue,720.52,Processed
RET_00516,ORD_001296,2025-11-02 14:24:55,Wrong Item,524.06,Processed
RET_00517,ORD_006791,2025-12-01 03:32:10,Wrong Item,460.0,Processed
RET_00518,ORD_006933,2026-01-12 11:40:00,Changed Mind,375.66,Rejected
RET_00519,ORD_001979,2025-12-04 23:59:20,Size Issue,203.44,Processed
RET_00520,ORD_000601,2025-10-16 05:54:28,Defective,382.47,Processed
RET_00521,ORD_007908,2025-12-15 03:52:30,Changed Mind,1042.66,Processed
RET_00522,ORD_003122,2025-11-02 07:38:08,Changed Mind,547.04,Processed
RET_00523,ORD_007872,2025-11-20 00:05:53,Quality Issue,635.43,Processed
RET_00524,ORD_007906,2025-12-10 18:35:24,Defective,711.35,Processed
RET_00525,ORD_001644,2026-01-07 10:36:50,Wrong Item,658.38,Processed
RET_00526,ORD_004220,2025-12-18 05:01:27,Changed Mind,665.65,Processed
RET_00527,ORD_007940,2025-12-02 04:46:56,Quality Issue,375.31,Processed
RET_00528,ORD_001752,2025-12-03 05:38:39,Wrong Item,486.02,Processed
RET_00529,ORD_001252,2025-11-17 16:18:17,Changed Mind,173.88,Pending
RET_00530,ORD_006695,2025-12-21 04:59:12,Quality Issue,364.6,Processed
RET_00531,ORD_000948,2025-11-12 11:29:06,Size Issue,399.05,Processed
RET_00532,ORD_005672,2025-11-11 03:54:24,Wrong Item,677.09,Processed
RET_00533,ORD_000575,2025-10-12 04:02:45,Wrong Item,228.58,Pending
RET_00534,ORD_003648,2026-01-01 12:25:35,Quality Issue,825.12,Processed
RET_00535,ORD_002431,2025-12-24 23:53:57,Quality Issue,494.25,Processed
RET_00536,ORD_003127,2025-10-23 11:44:02,Quality Issue,552.89,Processed
RET_00537,ORD_003811,2026-01-07 10:25:05,Size Issue,760.85,Processed
RET_00538,ORD_002542,2025-11-26 18:01:31,Changed Mind,436.34,Pending
RET_00539,ORD_002087,2025-11-19 10:29:36,Changed Mind,319.36,Pending
RET_00540,ORD_006847,2025-11-23 10:11:19,,354.09,Rejected
RET_00541,ORD_001444,2025-12-18 01:03:28,Changed Mind,656.76,Rejected
RET_00542,ORD_003877,2026-01-09 16:38:02,Size Issue,211.28,Processed
RET_00543,ORD_003764,2025-10-30 19:02:23,Changed Mind,395.38,Pending
RET_00544,ORD_003689,2025-11-01 00:55:44,Quality Issue,396.21,Processed
RET_00545,ORD_004903,2025-10-23 12:03:59,Quality Issue,337.55,Pending
RET_00546,ORD_004324,2025-12-24 00:11:29,Defective,277.68,Processed
RET_00547,ORD_005169,2025-12-29 10:42:48,Changed Mind,503.91,Processed
RET_00548,ORD_000965,2025-10-24 01:18:49,Wrong Item,643.72,Processed
RET_00549,ORD_003277,2025-12-27 06:52:39,Wrong Item,215.98,Pending
RET_00550,ORD_003655,2025-12-23 08:47:26,Changed Mind,265.66,Pending
RET_00551,ORD_004432,2025-12-15 20:40:23,Changed Mind,194.58,Processed
RET_00552,ORD_007587,2025-10-23 18:01:01,Defective,292.72,Processed
RET_00553,ORD_004994,2026-01-06 04:56:50,Quality Issue,141.55,Rejected
RET_00554,ORD_003239,2026-01-11 06:06:26,Size Issue,423.86,Processed
RET_00555,ORD_005305,2025-12-16 21:38:26,Wrong Item,428.47,Pending
RET_00556,ORD_003414,2025-11-16 20:55:38,Quality Issue,307.37,Processed
RET_00557,ORD_000307,2025-12-19 04:49:51,Changed Mind,577.24,Processed
RET_00558,ORD_001814,2025-10-15 23:51:48,Size Issue,252.25,Processed
RET_00559,ORD_003466,2025-11-09 06:10:30,Defective,257.75,Processed
RET_00560,ORD_001562,2025-10-23 15:59:52,Defective,310.08,Processed
RET_00561,ORD_002928,2025-12-24 19:57:59,Changed Mind,417.56,Pending
RET_00562,ORD_000378,2025-11-12 20:54:33,Quality Issue,275.63,Processed
RET_00563,ORD_003276,2025-11-27 00:01:25,Wrong Item,219.62,Processed
RET_00564,ORD_000112,2026-01-05 22:52:41,Size Issue,535.01,Processed
RET_00565,ORD_002515,2025-12-21 12:14:21,Changed Mind,11012.2,Processed
RET_00566,ORD_005696,2025-12-29 16:00:06,Size Issue,427.18,Pending
RET_00567,ORD_001134,2025-11-10 20:21:03,Quality Issue,358.11,Processed
RET_00568,ORD_000236,2025-12-07 12:13:27,Size Issue,534.22,Processed
RET_00569,ORD_006183,2025-11-05 18:27:19,Wrong Item,644.63,Processed
RET_00570,ORD_001224,2025-12-22 13:03:32,Size Issue,638.94,Processed
RET_00571,ORD_000187,2025-12-28 19:17:32,Defective,270.03,Processed
RET_00572,ORD_000587,2025-10-30 07:38:10,Quality Issue,152.38,Processed
RET_00573,ORD_000296,2025-12-13 09:42:57,Changed Mind,264.5,Processed
RET_00574,ORD_004806,2025-11-10 16:35:42,Quality Issue,17217.68,Processed
RET_00575,ORD_007551,2025-12-25 07:58:43,Wrong Item,540.16,Processed
RET_00576,ORD_004905,2025-12-31 16:07:29,Defective,634.62,Processed
RET_00577,ORD_001503,2025-12-26 13:37:07,Defective,490.61,Pending
RET_00578,ORD_005097,2025-12-12 07:53:12,Changed Mind,880.7,Processed
RET_00579,ORD_000585,2025-12-21 05:06:38,Size Issue,567.48,Processed
RET_00580,ORD_006714,2025-12-01 18:38:59,Quality Issue,879.17,Processed
RET_00581,ORD_004845,2025-11-01 08:49:35,Changed Mind,258.43,Processed
RET_00582,ORD_000126,2025-11-16 00:13:16,Changed Mind,363.7,Rejected
RET_00583,ORD_006653,2025-10-31 11:42:38,Defective,1161.95,Pending
RET_00584,ORD_004807,2026-01-02 05:08:01,Changed Mind,252.64,Pending
RET_00585,ORD_002226,2025-12-13 09:55:32,Size Issue,207.3,Processed
RET_00586,ORD_007759,2025-12-19 06:33:43,Defective,756.79,Processed
RET_00587,ORD_000265,2025-12-15 18:15:55,Size Issue,373.04,Processed
RET_00588,ORD_004412,2025-11-27 15:51:02,Wrong Item,345.19,Processed
RET_00589,ORD_005807,2025-12-31 10:38:07,Wrong Item,401.22,Rejected
RET_00590,ORD_003177,2025-12-31 11:23:51,Defective,269.39,Processed
RET_00591,ORD_002510,2025-11-29 16:21:50,Quality Issue,227.13,Processed
RET_00592,ORD_005355,2025-11-06 22:06:16,Changed Mind,627.37,Pending
RET_00593,ORD_002971,2025-11-28 01:28:38,Changed Mind,907.2,Processed
RET_00594,ORD_000079,2025-11-18 10:05:16,Defective,186.49,Pending
RET_00595,ORD_006184,2025-11-23 06:07:14,Changed Mind,335.98,Processed
RET_00596,ORD_000222,2025-12-28 22:28:47,Wrong Item,612.49,Processed
RET_00597,ORD_002244,2026-01-01 01:52:56,Quality Issue,293.43,Processed
RET_00598,ORD_000858,2025-11-22 06:05:15,Changed Mind,297.51,Processed
RET_00599,ORD_004233,2025-10-24 05:14:37,Size Issue,370.1,Processed
RET_00600,ORD_005821,2025-11-02 15:15:20,Changed Mind,395.23,Processed
RET_00601,ORD_006629,2025-11-24 00:15:14,Changed Mind,436.84,Processed
RET_00602,ORD_002533,2025-12-15 20:45:02,Wrong Item,388.16,Processed
RET_00603,ORD_000266,2025-12-19 22:20:46,Quality Issue,275.17,Rejected
RET_00604,ORD_002714,2025-11-21 11:33:56,Size Issue,613.72,Pending
RET_00605,ORD_003803,2025-11-12 00:38:33,Wrong Item,719.09,Processed
RET_00606,ORD_005634,2025-12-23 10:05:33,Changed Mind,438.76,Processed
RET_00607,ORD_001739,2025-12-27 14:49:49,Size Issue,428.66,Processed
RET_00608,ORD_000816,2025-12-01 21:49:09,Changed Mind,312.32,Processed
RET_00609,ORD_006324,2025-11-30 07:44:49,Size Issue,465.53,Processed
RET_00610,ORD_002081,2025-12-06 07:10:33,,512.44,Processed
RET_00611,ORD_001240,2025-12-07 16:41:45,Wrong Item,578.25,Pending
RET_00612,ORD_002894,2025-12-02 02:07:05,Defective,915.99,Processed
RET_00613,ORD_002376,2025-11-05 11:26:06,Quality Issue,424.23,Rejected
RET_00614,ORD_003866,2026-01-09 19:41:48,Defective,873.87,Pending
RET_00615,ORD_006831,2025-12-12 11:05:57,Wrong Item,492.48,Processed
RET_00616,ORD_004278,2025-11-08 22:34:09,Changed Mind,381.22,Processed
RET_00617,ORD_004597,2025-11-27 13:53:09,Quality Issue,639.17,Processed
RET_00618,ORD_004624,2025-10-21 11:12:28,Quality Issue,162.05,Processed
RET_00619,ORD_004927,2025-12-29 17:51:11,Size Issue,674.08,Processed
RET_00620,ORD_002347,2025-11-24 08:25:50,Changed Mind,410.83,Rejected
RET_00621,ORD_004681,2025-12-19 18:57:32,Quality Issue,258.13,Processed
RET_00622,ORD_001430,2025-12-18 03:22:37,Quality Issue,460.99,Processed
RET_00623,ORD_003646,2025-10-17 01:44:52,Changed Mind,239.75,Processed
RET_00624,ORD_002620,2025-10-19 00:46:23,Changed Mind,452.54,Processed
RET_00625,ORD_002205,2025-11-30 16:23:35,,575.29,Processed
RET_00626,ORD_004667,2025-11-20 01:08:41,Defective,251.7,Processed
RET_00627,ORD_003859,2025-11-21 22:32:48,Quality Issue,246.43,Processed
RET_00628,ORD_003247,2025-11-12 21:54:22,Wrong Item,775.59,Pending
RET_00629,ORD_002147,2025-10-26 15:51:25,Defective,264.68,Processed
RET_00630,ORD_003326,2025-11-26 07:49:35,Changed Mind,692.92,Processed
RET_00631,ORD_006837,2025-12-25 12:29:05,Defective,236.83,Processed
RET_00632,ORD_003980,2025-10-12 17:29:39,Size Issue,334.43,Processed
RET_00633,ORD_002910,2026-01-03 21:47:58,Changed Mind,359.26,Rejected
RET_00634,ORD_001360,2025-12-26 02:14:30,Changed Mind,478.45,Processed
RET_00635,ORD_003570,2025-11-30 23:21:58,Changed Mind,110.26,Pending
RET_00636,ORD_002416,2025-10-21 13:50:09,Quality Issue,846.28,Processed
RET_00637,ORD_003464,2025-12-12 03:41:36,Defective,496.55,Processed
RET_00638,ORD_006586,2025-12-15 21:57:07,Wrong Item,728.64,Rejected
RET_00639,ORD_006623,2026-01-03 10:01:30,Quality Issue,476.53,Pending
RET_00640,ORD_004036,2025-12-24 17:14:04,Changed Mind,269.43,Processed
RET_00641,ORD_006743,2025-11-01 06:04:37,,260.52,Processed
RET_00642,ORD_006713,2026-01-07 07:59:50,Wrong Item,241.87,Processed
RET_00643,ORD_007893,2026-01-09 06:22:19,Size Issue,658.18,Processed
RET_00644,ORD_006766,2025-12-21 00:20:00,Changed Mind,309.13,Pending
RET_00645,ORD_003916,2026-01-01 10:58:31,Changed Mind,1330.31,Pending
RET_00646,ORD_001671,2025-12-02 00:46:58,Changed Mind,165.7,Processed
RET_00647,ORD_003661,2025-10-29 15:59:40,Changed Mind,208.4,Processed
RET_00648,ORD_007244,2025-12-20 23:46:27,Wrong Item,929.66,Processed
RET_00649,ORD_005819,2025-10-29 20:32:32,,433.6,Processed
RET_00650,ORD_002859,2025-10-15 19:06:45,Quality Issue,537.61,Processed
RET_00651,ORD_006169,2025-11-04 10:58:14,Changed Mind,258.8,Processed
RET_00652,ORD_001119,2025-11-17 13:29:52,Size Issue,578.88,Rejected
RET_00653,ORD_002733,2026-01-02 20:32:48,Size Issue,250.79,Processed
RET_00654,ORD_002517,2025-11-21 05:02:32,Size Issue,16546.59,Processed
RET_00655,ORD_002400,2025-11-29 11:03:17,Wrong Item,513.9,Processed
RET_00656,ORD_003059,2025-11-21 10:09:58,Wrong Item,371.85,Processed
RET_00657,ORD_000195,2025-12-16 07:41:00,Size Issue,721.36,Processed
RET_00658,ORD_005267,2026-01-01 14:45:02,Wrong Item,199.5,Processed
RET_00659,ORD_006672,2025-11-27 05:04:08,Defective,664.11,Processed
RET_00660,ORD_002919,2025-11-16 07:28:05,Quality Issue,526.35,Pending
RET_00661,ORD_007378,2025-11-10 21:26:37,Wrong Item,417.64,Pending
RET_00662,ORD_000571,2025-11-03 13:02:36,,460.79,Rejected
RET_00663,ORD_005285,2025-12-01 14:56:45,Defective,1198.67,Processed
RET_00664,ORD_003190,2025-12-06 15:31:13,Size Issue,307.74,Rejected
RET_00665,ORD_004576,2026-01-11 11:02:13,Quality Issue,679.54,Pending
RET_00666,ORD_004678,2025-11-27 22:00:25,Changed Mind,388.79,Processed
RET_00667,ORD_006591,2025-12-04 14:43:45,Quality Issue,195.43,Processed
RET_00668,ORD_007808,2025-11-17 02:02:56,Size Issue,131.26,Rejected
RET_00669,ORD_001298,2025-10-31 03:24:10,Defective,245.31,Processed
RET_00670,ORD_003834,2025-11-01 09:35:15,Wrong Item,382.23,Rejected
RET_00671,ORD_006697,2025-12-27 13:44:53,Wrong Item,198.61,Pending
RET_00672,ORD_001084,2025-12-28 19:46:39,Wrong Item,588.13,Processed
RET_00673,ORD_002575,2025-12-15 08:33:07,Wrong Item,512.06,Pending
RET_00674,ORD_000475,2025-12-19 01:36:05,Size Issue,568.97,Processed
RET_00675,ORD_006494,2025-11-16 17:51:40,Size Issue,289.9,Processed
RET_00676,ORD_003439,2025-10-19 11:31:09,Quality Issue,360.78,Processed
RET_00677,ORD_005093,2025-10-23 11:16:15,Wrong Item,435.99,Rejected
RET_00678,ORD_004332,2025-12-24 03:44:05,Size Issue,690.05,Pending
RET_00679,ORD_007001,2025-10-14 07:51:27,Wrong Item,295.73,Processed
RET_00680,ORD_001221,2025-11-30 02:47:18,Size Issue,302.26,Rejected
RET_00681,ORD_007796,2025-10-29 15:07:54,Defective,554.79,Processed
RET_00682,ORD_005498,2025-11-22 01:18:13,Size Issue,280.98,Processed
RET_00683,ORD_003742,2025-12-31 23:11:57,Size Issue,631.94,Pending
RET_00684,ORD_002833,2025-11-01 23:50:21,Quality Issue,70.2,Processed
RET_00685,ORD_002896,2025-12-12 14:59:35,Quality Issue,283.08,Processed
RET_00686,ORD_001487,2025-12-12 21:25:19,Quality Issue,1522.45,Processed
RET_00687,ORD_001581,2025-10-22 00:17:12,Wrong Item,573.5,Processed
RET_00688,ORD_000464,2025-10-17 06:26:01,Quality Issue,442.27,Processed
RET_00689,ORD_001244,2025-11-20 16:27:50,Quality Issue,228.56,Processed
RET_00690,ORD_001311,2025-12-02 23:37:29,Wrong Item,552.86,Processed
RET_00691,ORD_005187,2025-12-03 19:57:55,Wrong Item,320.79,Pending
RET_00692,ORD_003634,2025-12-30 18:06:38,Wrong Item,632.86,Rejected
RET_00693,ORD_001385,2026-01-06 18:19:00,Size Issue,219.43,Processed
RET_00694,ORD_005749,2025-11-27 20:31:07,Quality Issue,506.47,Processed
RET_00695,ORD_004659,2025-10-22 08:18:29,Size Issue,315.22,Pending
RET_00696,ORD_002681,2025-10-23 01:58:24,Size Issue,579.72,Pending
RET_00697,ORD_002954,2025-12-22 14:24:28,Changed Mind,292.48,Processed
RET_00698,ORD_001893,2025-11-04 16:58:27,Wrong Item,596.12,Processed
RET_00699,ORD_007881,2025-11-11 15:41:54,Changed Mind,1033.59,Rejected
RET_00700,ORD_006354,2025-11-26 11:07:19,Wrong Item,357.1,Rejected
RET_00701,ORD_004617,2025-12-18 12:00:09,Size Issue,337.41,Processed
RET_00702,ORD_006219,2025-10-25 10:15:30,Wrong Item,400.13,Processed
RET_00703,ORD_006585,2025-11-30 03:10:20,Defective,522.55,Processed
RET_00704,ORD_005938,2025-11-03 08:38:53,Changed Mind,539.2,Pending
RET_00705,ORD_007847,2025-12-01 11:28:09,Size Issue,230.62,Rejected
RET_00706,ORD_003001,2025-12-07 14:44:02,Quality Issue,345.16,Processed
RET_00707,ORD_001064,2026-01-01 00:09:34,Quality Issue,384.34,Processed
RET_00708,ORD_002959,2026-01-06 06:04:15,Quality Issue,364.85,Pending
RET_00709,ORD_007998,2025-12-09 18:52:56,Quality Issue,345.18,Processed
RET_00710,ORD_006147,2025-11-18 12:17:49,Wrong Item,755.62,Processed
RET_00711,ORD_004984,2025-10-18 19:42:32,Size Issue,133.86,Processed
RET_00712,ORD_005276,2025-12-25 10:10:30,Wrong Item,127.86,Processed
RET_00713,ORD_004732,2025-11-10 04:57:35,Defective,485.16,Processed
RET_00714,ORD_005176,2025-11-15 15:38:31,Defective,978.14,Processed
RET_00715,ORD_005818,2025-11-14 21:34:46,Changed Mind,807.55,Processed
RET_00716,ORD_005449,2025-11-09 16:32:42,Wrong Item,210.31,Processed
RET_00717,ORD_003329,2025-10-27 03:01:37,Wrong Item,185.02,Processed
RET_00718,ORD_004313,2025-11-05 07:50:53,Wrong Item,842.47,Processed
RET_00719,ORD_002918,2025-11-02 23:57:58,Size Issue,173.65,Processed
RET_00720,ORD_004247,2025-12-27 04:00:55,Quality Issue,616.27,Processed
RET_00721,ORD_007724,2026-01-08 09:18:47,Wrong Item,783.7,Pending
RET_00722,ORD_002662,2025-10-18 09:46:56,Defective,452.29,Processed
RET_00723,ORD_001467,2025-11-08 14:18:28,Size Issue,407.55,Processed
RET_00724,ORD_001173,2025-12-16 21:56:17,Wrong Item,594.91,Processed
RET_00725,ORD_001984,2025-10-11 07:45:49,Changed Mind,477.13,Processed
RET_00726,ORD_000957,2025-11-06 15:47:20,Quality Issue,366.04,Pending
RET_00727,ORD_005330,2025-11-01 13:40:18,Quality Issue,233.53,Processed
RET_00728,ORD_002077,2025-10-24 00:21:13,Wrong Item,487.23,Pending
RET_00729,ORD_007122,2025-12-20 21:33:10,Size Issue,406.91,Processed
RET_00730,ORD_005855,2025-12-22 15:00:06,Defective,293.37,Processed
RET_00731,ORD_002947,2025-10-27 08:22:11,,528.16,Processed
RET_00732,ORD_006728,2025-11-26 12:04:16,Size Issue,956.58,Pending
RET_00733,ORD_001207,2025-12-19 20:57:11,Defective,312.75,Processed
RET_00734,ORD_007856,2025-10-20 21:05:39,Defective,266.24,Processed
RET_00735,ORD_003582,2025-10-15 13:58:00,Changed Mind,463.71,Processed
RET_00736,ORD_002772,2025-10-17 01:51:17,Quality Issue,430.38,Processed
RET_00737,ORD_006453,2025-10-21 14:28:06,Defective,252.58,Rejected
RET_00738,ORD_004574,2025-12-12 17:30:51,Size Issue,254.17,Pending
RET_00739,ORD_000339,2025-12-17 21:46:29,Quality Issue,1313.15,Pending
RET_00740,ORD_007301,2025-11-28 10:45:15,Size Issue,429.77,Processed
RET_00741,ORD_006122,2025-12-21 00:30:51,Size Issue,214.63,Processed
RET_00742,ORD_001827,2025-12-07 07:04:52,Changed Mind,436.7,Processed
RET_00743,ORD_001687,2025-12-15 00:23:15,Wrong Item,220.28,Rejected
RET_00744,ORD_006343,2025-10-31 05:04:34,Changed Mind,310.11,Processed
RET_00745,ORD_000120,2025-12-14 22:43:43,Size Issue,170.19,Processed
RET_00746,ORD_004249,2026-01-07 13:17:47,Wrong Item,400.87,Processed
RET_00747,ORD_002866,2025-11-09 00:44:12,Defective,280.13,Rejected
RET_00748,ORD_002615,2025-12-04 15:03:00,Size Issue,596.74,Rejected
RET_00749,ORD_002986,2025-11-10 19:50:46,Size Issue,370.31,Processed
RET_00750,ORD_002746,2025-12-05 18:31:07,Size Issue,1029.84,Processed
RET_00751,ORD_004830,2025-11-29 09:18:03,Defective,522.42,Processed
RET_00752,ORD_002222,2025-10-29 02:31:08,Defective,362.36,Pending
RET_00753,ORD_005885,2025-11-07 23:42:24,Size Issue,180.81,Rejected
RET_00754,ORD_004592,2025-11-17 00:08:36,Size Issue,313.11,Processed
RET_00755,ORD_000122,2025-12-28 20:08:58,Defective,286.12,Processed
RET_00756,ORD_003173,2025-12-27 03:07:58,Wrong Item,262.68,Pending
RET_00757,ORD_004605,2026-01-08 12:14:53,Defective,520.85,Processed
RET_00758,ORD_007965,2025-11-22 01:11:17,Changed Mind,143.37,Rejected
RET_00759,ORD_001229,2025-11-11 17:31:18,Defective,739.77,Pending
RET_00760,ORD_002278,2025-12-27 00:24:28,Changed Mind,322.36,Processed
RET_00761,ORD_003263,2025-12-05 06:29:46,Changed Mind,492.74,Processed
RET_00762,ORD_001314,2025-12-21 02:14:48,Size Issue,316.23,Processed
RET_00763,ORD_003939,2025-12-17 18:16:12,Wrong Item,480.82,Processed
RET_00764,ORD_000386,2025-12-18 16:23:41,Wrong Item,1004.8,Processed
RET_00765,ORD_006280,2025-12-16 07:00:39,Quality Issue,799.54,Pending
RET_00766,ORD_000412,2025-10-28 14:56:30,Defective,324.94,Processed
RET_00767,ORD_002888,2025-11-01 06:21:54,Wrong Item,249.81,Processed
RET_00768,ORD_000977,2025-11-14 05:06:19,Quality Issue,542.41,Processed
RET_00769,ORD_006773,2025-12-14 14:17:27,Size Issue,373.66,Processed
RET_00770,ORD_003125,2025-11-06 21:52:06,Changed Mind,638.64,Pending
RET_00771,ORD_004431,2025-10-29 20:52:17,Defective,230.56,Processed
RET_00772,ORD_002242,2025-10-31 03:38:14,Wrong Item,860.0,Processed
RET_00773,ORD_005463,2026-01-07 07:15:56,Changed Mind,565.16,Processed
RET_00774,ORD_006952,2025-11-22 03:19:49,Size Issue,618.34,Pending
RET_00775,ORD_000976,2025-11-03 06:56:36,Defective,448.8,Processed
RET_00776,ORD_007199,2025-10-30 19:31:13,Defective,548.59,Pending
RET_00777,ORD_002306,2025-11-23 16:29:36,Size Issue,664.83,Processed
RET_00778,ORD_000546,2025-10-23 05:02:16,Quality Issue,414.76,Processed
RET_00779,ORD_003630,2025-11-29 05:25:54,Defective,412.11,Processed
RET_00780,ORD_003141,2025-10-24 00:34:29,Size Issue,242.47,Processed
RET_00781,ORD_006150,2025-12-15 17:31:00,Wrong Item,405.82,Processed
RET_00782,ORD_003343,2025-12-13 11:37:36,Defective,213.25,Processed
RET_00783,ORD_006423,2025-10-16 03:01:32,Wrong Item,432.28,Processed
RET_00784,ORD_002952,2025-12-09 05:51:35,Wrong Item,553.54,Processed
RET_00785,ORD_000551,2025-11-27 05:39:28,Defective,706.76,Pending
RET_00786,ORD_005523,2025-11-08 14:07:51,Changed Mind,463.95,Rejected
RET_00787,ORD_000592,2025-12-18 13:36:29,Quality Issue,520.17,Pending
RET_00788,ORD_003465,2025-12-02 16:49:12,Defective,489.79,Rejected
RET_00789,ORD_005664,2025-11-12 10:22:05,Quality Issue,789.18,Pending
RET_00790,ORD_000942,2025-10-13 18:05:21,Quality Issue,487.18,Processed
RET_00791,ORD_004237,2025-11-27 01:48:22,Wrong Item,461.64,Processed
RET_00792,ORD_007351,2025-11-16 22:57:50,Quality Issue,483.66,Processed
RET_00793,ORD_007721,2025-12-12 15:25:29,Changed Mind,729.44,Processed
RET_00794,ORD_002202,2025-12-11 07:53:45,Size Issue,94.6,Pending
RET_00795,ORD_001588,2025-11-06 23:09:01,Defective,398.06,Processed
RET_00796,ORD_005465,2025-11-21 17:24:12,Wrong Item,425.02,Rejected
RET_00797,ORD_007336,2025-12-10 12:30:33,Defective,363.35,Pending
RET_00798,ORD_004636,2025-12-26 17:16:28,Size Issue,431.23,Rejected
RET_00799,ORD_007255,2025-11-29 21:40:55,Defective,111.74,Processed
RET_00800,ORD_003735,2025-12-12 04:56:50,Defective,116.01,Pending
